{"count":1,"self":2.827995,"total":10.862973,"children":{"AgentResetIfDone":{"count":5001,"self":0.038806,"total":0.038806,"children":null},"AgentSendState":{"count":5001,"self":0.02404,"total":0.027344,"children":{"CollectObservations":{"count":1001,"self":0.0033039999999999996,"total":0.0033039999999999996,"children":null}}},"DecideAction":{"count":5001,"self":3.5907199999999997,"total":7.5236269999999994,"children":{"AgentInfo.ToProto":{"count":1001,"self":0.052388,"total":3.9329069999999997,"children":{"CameraSensor.GetCompressedObservation":{"count":1001,"self":3.8805191999999997,"total":3.8805189999999996,"children":null}}}}},"AcademyStep":{"count":5001,"self":0.011869,"total":0.011869,"children":null},"AgentAct":{"count":5001,"self":0.43200099999999997,"total":0.43200099999999997,"children":null}}}