{"count":1,"self":0.304132,"total":2.8630459999999998,"children":{"AgentResetIfDone":{"count":84,"self":0.00041799999999999997,"total":0.00041799999999999997,"children":null},"AgentSendState":{"count":84,"self":0.001176,"total":0.00137,"children":{"CollectObservations":{"count":17,"self":0.000194,"total":0.000194,"children":null}}},"DecideAction":{"count":84,"self":2.498868,"total":2.552561,"children":{"AgentInfo.ToProto":{"count":17,"self":0.004173,"total":0.053693,"children":{"CameraSensor.GetCompressedObservation":{"count":17,"self":0.049519999999999995,"total":0.049519999999999995,"children":null}}}}},"AcademyStep":{"count":84,"self":0.00016999999999999999,"total":0.00016999999999999999,"children":null},"AgentAct":{"count":84,"self":0.003307,"total":0.003307,"children":null}}}