{"count":1,"self":7.9559152,"total":7.975397,"children":{"AgentResetIfDone":{"count":383,"self":0.00235,"total":0.00235,"children":null},"AgentSendState":{"count":383,"self":0.002297,"total":0.002727,"children":{"CollectObservations":{"count":77,"self":0.00043,"total":0.00043,"children":null}}},"DecideAction":{"count":383,"self":0.002217,"total":0.002217,"children":null},"AcademyStep":{"count":383,"self":0.00092099999999999994,"total":0.00092099999999999994,"children":null},"AgentAct":{"count":383,"self":0.010048,"total":0.010048,"children":null}}}