{"count":1,"gauges":{},"self":9.98894,"total":19.127699,"children":{"AgentResetIfDone":{"count":864,"self":0.0047209999999999995,"total":0.0047209999999999995,"children":null},"AgentSendState":{"count":864,"self":0.005451,"total":0.006279,"children":{"CollectObservations":{"count":173,"self":0.000828,"total":0.000828,"children":null}}},"DecideAction":{"count":864,"self":7.8855831999999992,"total":9.104360999999999,"children":{"AgentInfo.ToProto":{"count":173,"self":0.012277,"total":1.218778,"children":{"CameraSensor.GetCompressedObservation":{"count":346,"self":1.1986219999999999,"total":1.1986219999999999,"children":null},"RayPerceptionSensor.Perceive":{"count":173,"self":0.0078789999999999989,"total":0.0078789999999999989,"children":null}}}}},"AgentAct":{"count":864,"self":0.022026,"total":0.022026,"children":null}}}