{"count":1,"gauges":{},"self":1.794732,"total":7.835762,"children":{"AgentResetIfDone":{"count":238,"self":0.001011,"total":0.001011,"children":null},"AgentSendState":{"count":238,"self":0.002123,"total":0.002467,"children":{"CollectObservations":{"count":48,"self":0.00034399999999999996,"total":0.00034399999999999996,"children":null}}},"DecideAction":{"count":238,"self":5.417364,"total":6.030723,"children":{"AgentInfo.ToProto":{"count":48,"self":0.0067269999999999995,"total":0.613359,"children":{"CameraSensor.GetCompressedObservation":{"count":96,"self":0.601631,"total":0.601631,"children":null},"RayPerceptionSensor.Perceive":{"count":48,"self":0.0050009999999999994,"total":0.0050009999999999994,"children":null}}}}},"AgentAct":{"count":238,"self":0.005554,"total":0.005554,"children":null}}}