{"count":1,"self":3.1163019999999997,"total":3.1345199999999998,"children":{"AgentResetIfDone":{"count":143,"self":0.0038309999999999998,"total":0.0038309999999999998,"children":null},"AgentSendState":{"count":143,"self":0.0034389999999999998,"total":0.003991,"children":{"CollectObservations":{"count":29,"self":0.000552,"total":0.000552,"children":null}}},"DecideAction":{"count":143,"self":0.0031249999999999997,"total":0.0031249999999999997,"children":null},"AcademyStep":{"count":143,"self":0.0020729999999999998,"total":0.0020729999999999998,"children":null},"AgentAct":{"count":143,"self":0.003912,"total":0.003912,"children":null}}}