{"count":1,"self":4.29456,"total":4.5006759999999995,"children":{"AgentResetIfDone":{"count":180,"self":0.0050219999999999996,"total":0.0050219999999999996,"children":null},"AgentSendState":{"count":180,"self":0.021469,"total":0.09433,"children":{"CollectObservations":{"count":576,"self":0.072861,"total":0.072861,"children":null}}},"DecideAction":{"count":180,"self":0.091695,"total":0.091695,"children":null},"AcademyStep":{"count":180,"self":0.002853,"total":0.002853,"children":null},"AgentAct":{"count":180,"self":0.011162,"total":0.011162,"children":null}}}