{"count":1,"self":37.633929599999995,"total":67.730775999999992,"children":{"AgentResetIfDone":{"count":91251,"self":1.422785,"total":1.422785,"children":null},"AgentSendState":{"count":91251,"self":4.962352,"total":24.927353999999998,"children":{"CollectObservations":{"count":292016,"self":19.9650016,"total":19.965002,"children":null}}},"DecideAction":{"count":91251,"self":1.33882,"total":1.33882,"children":null},"AcademyStep":{"count":91251,"self":0.824158,"total":0.824158,"children":null},"AgentAct":{"count":91251,"self":1.582072,"total":1.582072,"children":null}}}