{"count":1,"self":5.1550927999999994,"total":17.978911,"children":{"AgentResetIfDone":{"count":18501,"self":0.050216,"total":0.050216,"children":null},"AgentSendState":{"count":18501,"self":0.067438,"total":0.255542,"children":{"CollectObservations":{"count":3701,"self":0.188104,"total":0.188104,"children":null}}},"DecideAction":{"count":18501,"self":12.4009352,"total":12.422284999999999,"children":{"AgentInfo.ToProto":{"count":3701,"self":0.021349999999999997,"total":0.021349999999999997,"children":null}}},"AcademyStep":{"count":18501,"self":0.032591999999999996,"total":0.032591999999999996,"children":null},"AgentAct":{"count":18501,"self":0.06088,"total":0.06088,"children":null}}}