{"count":1,"self":5.7458768,"total":5.8005879999999994,"children":{"AgentResetIfDone":{"count":176,"self":0.001065,"total":0.001065,"children":null},"AgentSendState":{"count":176,"self":0.0016229999999999999,"total":0.005807,"children":{"CollectObservations":{"count":36,"self":0.004184,"total":0.004184,"children":null}}},"DecideAction":{"count":176,"self":0.043484999999999996,"total":0.043484999999999996,"children":null},"AcademyStep":{"count":176,"self":0.000379,"total":0.000379,"children":null},"AgentAct":{"count":176,"self":0.002255,"total":0.002255,"children":null}}}