{"count":1,"self":0.295975,"total":8.6509679999999989,"children":{"AgentResetIfDone":{"count":84,"self":0.000434,"total":0.000434,"children":null},"AgentSendState":{"count":84,"self":0.001263,"total":0.003823,"children":{"CollectObservations":{"count":17,"self":0.0025599999999999998,"total":0.0025599999999999998,"children":null}}},"DecideAction":{"count":84,"self":8.28028,"total":8.347538,"children":{"AgentInfo.ToProto":{"count":17,"self":0.00404,"total":0.067258,"children":{"CameraSensor.GetCompressedObservation":{"count":17,"self":0.063218,"total":0.063218,"children":null}}}}},"AcademyStep":{"count":84,"self":0.000205,"total":0.000205,"children":null},"AgentAct":{"count":84,"self":0.0011179999999999999,"total":0.0011179999999999999,"children":null}}}