{"count":1,"self":0.37631899999999996,"total":1.612209,"children":{"AgentResetIfDone":{"count":84,"self":0.00040699999999999997,"total":0.00040699999999999997,"children":null},"AgentSendState":{"count":84,"self":0.001223,"total":0.0060009999999999994,"children":{"CollectObservations":{"count":17,"self":0.004778,"total":0.004778,"children":null}}},"DecideAction":{"count":84,"self":1.153297,"total":1.226421,"children":{"AgentInfo.ToProto":{"count":17,"self":0.004497,"total":0.073124,"children":{"CameraSensor.GetCompressedObservation":{"count":17,"self":0.068627,"total":0.068627,"children":null}}}}},"AcademyStep":{"count":84,"self":0.00017199999999999998,"total":0.00017199999999999998,"children":null},"AgentAct":{"count":84,"self":0.00098099999999999988,"total":0.00098099999999999988,"children":null}}}